<?xml version='1.0' encoding='UTF-8'?>
<GOPRO5>
<GPS n='0' lk='3' pdop='191' lat='48.59154129' lon='9.23152447' alt='338.2' gs='18.7' gs3d='18.4'/>
<GPS n='1' lk='3' pdop='191' lat='48.59149933' lon='9.23146820' alt='338.2' gs='24.0' gs3d='23.7'/>
<GPS n='2' lk='3' pdop='246' lat='48.59144974' lon='9.23139954' alt='338.3' gs='27.1' gs3d='26.9'/>
<GPS n='3' lk='3' pdop='191' lat='48.59140015' lon='9.23132801' alt='338.5' gs='28.9' gs3d='28.9'/>
<GPS n='4' lk='3' pdop='191' lat='48.59133911' lon='9.23125935' alt='338.6' gs='27.3' gs3d='27.5'/>
<GPS n='5' lk='3' pdop='191' lat='48.59128189' lon='9.23121071' alt='338.5' gs='23.9' gs3d='24.2'/>
<GPS n='6' lk='3' pdop='191' lat='48.59123230' lon='9.23119926' alt='338.5' gs='20.5' gs3d='20.6'/>
<GPS n='7' lk='3' pdop='191' lat='48.59118271' lon='9.23122025' alt='338.4' gs='18.8' gs3d='18.9'/>
<GPS n='8' lk='3' pdop='191' lat='48.59114456' lon='9.23126221' alt='338.4' gs='18.5' gs3d='18.4'/>
<GPS n='9' lk='3' pdop='191' lat='48.59111023' lon='9.23131466' alt='338.4' gs='20.0' gs3d='19.9'/>
<GPS n='10' lk='3' pdop='191' lat='48.59107590' lon='9.23137093' alt='338.5' gs='22.5' gs3d='22.3'/>
<GPS n='11' lk='3' pdop='191' lat='48.59103012' lon='9.23143959' alt='338.8' gs='25.4' gs3d='25.2'/>
<GPS n='12' lk='3' pdop='190' lat='48.59098434' lon='9.23151493' alt='338.9' gs='27.7' gs3d='27.6'/>
<GPS n='13' lk='3' pdop='190' lat='48.59093475' lon='9.23159313' alt='339.1' gs='28.6' gs3d='28.6'/>
<GPS n='14' lk='3' pdop='190' lat='48.59088516' lon='9.23167324' alt='339.1' gs='29.6' gs3d='29.6'/>
<GPS n='15' lk='3' pdop='190' lat='48.59083176' lon='9.23175716' alt='339.1' gs='30.7' gs3d='30.6'/>
<GPS n='16' lk='3' pdop='190' lat='48.59077454' lon='9.23184490' alt='339.0' gs='32.4' gs3d='32.3'/>
<GPS n='17' lk='3' pdop='190' lat='48.59071732' lon='9.23193550' alt='338.8' gs='34.2' gs3d='34.1'/>
<GPS n='18' lk='3' pdop='190' lat='48.59066010' lon='9.23202801' alt='338.5' gs='34.5' gs3d='34.6'/>
<GPS n='19' lk='3' pdop='190' lat='48.59059906' lon='9.23211956' alt='338.2' gs='33.7' gs3d='33.8'/>
<GPS n='20' lk='3' pdop='190' lat='48.59054184' lon='9.23221302' alt='337.7' gs='32.7' gs3d='32.8'/>
<GPS n='21' lk='3' pdop='190' lat='48.59048462' lon='9.23230362' alt='337.3' gs='31.6' gs3d='31.7'/>
<GPS n='22' lk='3' pdop='190' lat='48.59043884' lon='9.23239326' alt='337.1' gs='30.8' gs3d='30.8'/>
<GPS n='23' lk='3' pdop='190' lat='48.59039688' lon='9.23248482' alt='336.9' gs='29.6' gs3d='29.7'/>
<GPS n='24' lk='3' pdop='190' lat='48.59037018' lon='9.23258209' alt='336.7' gs='28.0' gs3d='28.1'/>
<GPS n='25' lk='3' pdop='190' lat='48.59036636' lon='9.23268223' alt='336.5' gs='26.2' gs3d='26.2'/>
<GPS n='26' lk='3' pdop='190' lat='48.59038544' lon='9.23277378' alt='336.4' gs='25.1' gs3d='25.1'/>
<GPS n='27' lk='3' pdop='190' lat='48.59041214' lon='9.23285866' alt='336.3' gs='24.4' gs3d='24.4'/>
<GPS n='28' lk='3' pdop='197' lat='48.59044647' lon='9.23293972' alt='336.2' gs='24.9' gs3d='24.8'/>
<GPS n='29' lk='3' pdop='190' lat='48.59048080' lon='9.23302269' alt='336.2' gs='26.6' gs3d='26.5'/>
<GPS n='30' lk='3' pdop='190' lat='48.59051514' lon='9.23311043' alt='336.1' gs='28.2' gs3d='28.2'/>
<GPS n='31' lk='3' pdop='190' lat='48.59054947' lon='9.23320198' alt='336.2' gs='28.3' gs3d='28.3'/>
<GPS n='32' lk='3' pdop='190' lat='48.59058380' lon='9.23329639' alt='336.2' gs='26.5' gs3d='26.6'/>
<GPS n='33' lk='3' pdop='190' lat='48.59061050' lon='9.23338413' alt='336.3' gs='24.8' gs3d='24.8'/>
<GPS n='34' lk='3' pdop='190' lat='48.59063339' lon='9.23346806' alt='336.4' gs='23.9' gs3d='23.9'/>
<GPS n='35' lk='3' pdop='190' lat='48.59064102' lon='9.23355293' alt='336.5' gs='22.4' gs3d='22.5'/>
<GPS n='36' lk='3' pdop='190' lat='48.59062576' lon='9.23363113' alt='336.8' gs='20.9' gs3d='20.9'/>
<GPS n='37' lk='3' pdop='246' lat='48.59059906' lon='9.23369884' alt='336.9' gs='20.7' gs3d='20.7'/>
<GPS n='38' lk='3' pdop='190' lat='48.59055328' lon='9.23375034' alt='336.8' gs='23.0' gs3d='22.8'/>
<GPS n='39' lk='3' pdop='190' lat='48.59050751' lon='9.23380375' alt='336.7' gs='23.9' gs3d='23.8'/>
<GPS n='40' lk='3' pdop='190' lat='48.59045792' lon='9.23385906' alt='336.5' gs='25.4' gs3d='25.2'/>
<GPS n='41' lk='3' pdop='190' lat='48.59039688' lon='9.23391819' alt='336.2' gs='28.5' gs3d='28.4'/>
<GPS n='42' lk='3' pdop='234' lat='48.59032822' lon='9.23398590' alt='336.5' gs='31.2' gs3d='31.1'/>
<GPS n='43' lk='3' pdop='234' lat='48.59026718' lon='9.23405266' alt='336.8' gs='32.7' gs3d='32.6'/>
<GPS n='44' lk='3' pdop='234' lat='48.59019852' lon='9.23412228' alt='337.1' gs='33.5' gs3d='33.4'/>
<GPS n='45' lk='3' pdop='234' lat='48.59012985' lon='9.23420143' alt='337.4' gs='34.6' gs3d='34.6'/>
<GPS n='46' lk='3' pdop='246' lat='48.59005737' lon='9.23428440' alt='337.5' gs='34.2' gs3d='34.3'/>
<GPS n='47' lk='3' pdop='190' lat='48.58998871' lon='9.23435974' alt='337.7' gs='31.4' gs3d='31.6'/>
<GPS n='48' lk='3' pdop='246' lat='48.58993530' lon='9.23443127' alt='338.0' gs='27.8' gs3d='28.0'/>
<GPS n='49' lk='3' pdop='246' lat='48.58988571' lon='9.23449993' alt='338.2' gs='27.2' gs3d='27.4'/>
<GPS n='50' lk='3' pdop='234' lat='48.58985138' lon='9.23457146' alt='338.8' gs='24.3' gs3d='24.3'/>
<GPS n='51' lk='3' pdop='234' lat='48.58981323' lon='9.23464394' alt='338.7' gs='23.6' gs3d='23.7'/>
<GPS n='52' lk='3' pdop='234' lat='48.58979034' lon='9.23471642' alt='338.3' gs='21.7' gs3d='21.7'/>
<GPS n='53' lk='3' pdop='234' lat='48.58977890' lon='9.23479271' alt='337.9' gs='21.3' gs3d='21.2'/>
<GPS n='54' lk='3' pdop='190' lat='48.58977890' lon='9.23487949' alt='337.7' gs='23.3' gs3d='23.2'/>
<GPS n='55' lk='3' pdop='190' lat='48.58979034' lon='9.23497200' alt='337.5' gs='24.6' gs3d='24.6'/>
<GPS n='56' lk='3' pdop='189' lat='48.58980942' lon='9.23506355' alt='337.4' gs='25.3' gs3d='25.2'/>
<GPS n='57' lk='3' pdop='189' lat='48.58982086' lon='9.23515797' alt='337.2' gs='25.9' gs3d='25.8'/>
<SUMMARY totalsamples='58' frequence_hz='18'/>
</GOPRO5>
